USE Los_Ambientales

-- 1. Entidades_Responsables (50 registros)
INSERT INTO Entidades_Responsables (id_entidad, nombre_entidad) VALUES
(1, 'Fundación Verde Vida'), (2, 'Consejo Nacional de Áreas Protegidas'), (3, 'Asociación EcoPatrimonio'),
(4, 'Instituto de Conservación Natural'), (5, 'Guardia Ambiental Regional'), (6, 'Protección Fauna y Flora'),
(7, 'Agencia de Biodiversidad'), (8, 'Comité de Parques del Sur'), (9, 'Reserva Natural Unida'),
(10, 'EcoGestión Nacional'), (11, 'Fondo Verde del Norte'), (12, 'Alianza por la Naturaleza'),
(13, 'Vigilantes del Bosque'), (14, 'Patrimonio Natural'), (15, 'EcoFuturo'), (16, 'Guardianes del Valle'),
(17, 'Unión Verde Occidental'), (18, 'Reserva del Horizonte'), (19, 'Defensores de la Selva'),
(20, 'Consejo EcoRegional'), (21, 'Protección del Llano'), (22, 'Fondo de Conservación Andino'),
(23, 'EcoVigilancia'), (24, 'Asociación Bosque Vivo'), (25, 'Instituto Verde Central'),
(26, 'Guardia Natural del Este'), (27, 'Alianza Biodiversa'), (28, 'Comité de Áreas Protegidas'),
(29, 'Fundación Selva Azul'), (30, 'EcoPatrulla Nacional'), (31, 'Reserva del Amanecer'),
(32, 'Protectores del Río'), (33, 'Consejo de Sostenibilidad'), (34, 'Fondo Natural del Sur'),
(35, 'Vigilancia Verde'), (36, 'Asociación EcoAndina'), (37, 'Instituto de Áreas Silvestres'),
(38, 'Guardia del Bosque Nuboso'), (39, 'Unión por la Fauna'), (40, 'EcoReserva Oriental'),
(41, 'Protección Natural Costera'), (42, 'Fondo Verde Occidental'), (43, 'Alianza del Delta'),
(44, 'Comité de Biodiversidad'), (45, 'Fundación Tierra Viva'), (46, 'EcoGestión del Norte'),
(47, 'Reserva del Atardecer'), (48, 'Guardianes de la Sierra'), (49, 'Consejo EcoPatrimonial'),
(50, 'Unión por la Sostenibilidad');

-- 2. Departamentos (50 registros)
INSERT INTO Departamentos (id_departamento, nombre_departamento, id_entidad_responsable) VALUES
(1, 'Amazonas', 1), (2, 'Cordillera', 2), (3, 'Llanos', 3), (4, 'Costa Norte', 4), (5, 'Sierra Central', 5),
(6, 'Valle Verde', 6), (7, 'Selva Alta', 7), (8, 'Tierras Bajas', 8), (9, 'Meseta del Este', 9),
(10, 'Región Andina', 10), (11, 'Bosque Nuboso', 11), (12, 'Sabana Occidental', 12), (13, 'Cañón Profundo', 13),
(14, 'Tierras Altas', 14), (15, 'Costa Sur', 15), (16, 'Valle del Río', 16), (17, 'Selva Occidental', 17),
(18, 'Llanura Dorada', 18), (19, 'Sierra del Norte', 19), (20, 'Meseta Central', 20), (21, 'Región del Llano', 21),
(22, 'Bosque Húmedo', 22), (23, 'Sabana del Sur', 23), (24, 'Cañón del Este', 24), (25, 'Tierras del Sol', 25),
(26, 'Costa Oriental', 26), (27, 'Valle Esmeralda', 27), (28, 'Selva del Sur', 28), (29, 'Llanos del Norte', 29),
(30, 'Sierra Occidental', 30), (31, 'Meseta del Oeste', 31), (32, 'Región del Delta', 32), (33, 'Bosque Seco', 33),
(34, 'Sabana Central', 34), (35, 'Cañón del Sur', 35), (36, 'Tierras Verdes', 36), (37, 'Costa del Sol', 37),
(38, 'Valle del Norte', 38), (39, 'Selva Oriental', 39), (40, 'Llanura del Este', 40), (41, 'Sierra del Sur', 41),
(42, 'Meseta Andina', 42), (43, 'Región Costera', 43), (44, 'Bosque del Río', 44), (45, 'Sabana del Este', 45),
(46, 'Cañón Occidental', 46), (47, 'Tierras del Norte', 47), (48, 'Costa Andina', 48), (49, 'Valle del Sur', 49),
(50, 'Delta del Sur', 50);

-- 3. Parques_Naturales (50 registros)
INSERT INTO Parques_Naturales (id_parque, nombre_parque, fecha_declaracion) VALUES
(1, 'Parque Nacional Río Claro', '1985-03-15'), (2, 'Reserva Sierra Nevada', '1990-07-22'),
(3, 'Santuario de Fauna Llanos', '1978-11-30'), (4, 'Parque Costero Azul', '2000-05-10'),
(5, 'Bosque Nuboso El Alto', '1995-09-18'), (6, 'Valle de los Cóndores', '1980-12-01'),
(7, 'Selva Esmeralda', '2005-04-25'), (8, 'Tierras del Jaguar', '1992-06-14'),
(9, 'Meseta Verde', '1988-10-09'), (10, 'Cañón de los Vientos', '2002-02-20'),
(11, 'Reserva del Águila', '1999-08-03'), (12, 'Parque Sabana Dorada', '1983-01-17'),
(13, 'Delta del Río', '2010-11-12'), (14, 'Bosque Húmedo Central', '1975-04-30'),
(15, 'Costa Salvaje', '2008-09-15'), (16, 'Valle del Sol', '1987-06-25'), (17, 'Selva del Norte', '1993-12-10'),
(18, 'Llanura Esmeralda', '2001-03-05'), (19, 'Sierra del Águila', '1982-07-18'),
(20, 'Meseta del Río', '1996-10-22'), (21, 'Región del Tigre', '2004-02-14'), (22, 'Bosque Seco Oriental', '1979-08-09'),
(23, 'Sabana del Viento', '1986-11-30'), (24, 'Cañón del Jaguar', '2007-05-20'),
(25, 'Tierras Altas Verdes', '1991-01-15'), (26, 'Costa del Atardecer', '2003-09-10'),
(27, 'Valle Escondido', '1984-04-25'), (28, 'Selva Occidental', '1998-12-01'),
(29, 'Llanos del Sol', '2006-06-18'), (30, 'Sierra del Cóndor', '1989-03-22'),
(31, 'Meseta del Norte', '2000-07-14'), (32, 'Delta Salvaje', '2012-11-05'),
(33, 'Bosque del Amanecer', '1977-02-28'), (34, 'Sabana Central', '1994-08-19'),
(35, 'Cañón del Sol', '2009-10-10'), (36, 'Tierras del Este', '1981-05-30'),
(37, 'Costa Verde', '2002-12-15'), (38, 'Valle del Águila', '1997-03-25'),
(39, 'Selva del Sur', '1983-09-08'), (40, 'Llanura del Norte', '2005-01-20'),
(41, 'Sierra Oriental', '1990-06-12'), (42, 'Meseta del Sur', '2001-11-30'),
(43, 'Región del Río', '1988-04-15'), (44, 'Bosque Nuboso Occidental', '1995-07-22'),
(45, 'Sabana del Norte', '2007-02-18'), (46, 'Cañón del Este', '1986-10-05'),
(47, 'Tierras del Oeste', '2003-05-14'), (48, 'Costa del Jaguar', '1999-12-01'),
(49, 'Valle Central', '1980-08-20'), (50, 'Delta del Amanecer', '2011-03-10');

-- 4. Departamentos_Parques (50 registros)
INSERT INTO Departamentos_Parques (id_departamento, id_parque) VALUES
(1, 1), (1, 2), (2, 2), (2, 3), (3, 3), (3, 4), (4, 4), (4, 5), (5, 5), (5, 6),
(6, 6), (6, 7), (7, 7), (7, 8), (8, 8), (8, 9), (9, 9), (9, 10), (10, 10), (10, 11),
(11, 11), (11, 12), (12, 12), (12, 13), (13, 13), (13, 14), (14, 14), (14, 15),
(15, 15), (15, 16), (16, 16), (16, 17), (17, 17), (17, 18), (18, 18), (18, 19),
(19, 19), (19, 20), (20, 20), (20, 21), (21, 21), (21, 22), (22, 22), (22, 23),
(23, 23), (23, 24), (24, 24), (24, 25), (25, 25), (25, 26);

-- 5. Areas (50 registros)
INSERT INTO Areas (id_area, id_parque, nombre_area, extension) VALUES
(1, 1, 'Zona Río Claro', 150.50), (2, 1, 'Bosque Húmedo', 200.75), (3, 2, 'Cumbre Nevada', 300.00),
(4, 2, 'Valle Alpino', 120.25), (5, 3, 'Pradera Oriental', 500.00), (6, 3, 'Laguna Salada', 80.90),
(7, 4, 'Playa Dorada', 90.30), (8, 4, 'Dunas Costeras', 110.60), (9, 5, 'Nubes Altas', 250.40),
(10, 5, 'Cascada Escondida', 175.20), (11, 6, 'Mirador Cóndor', 130.80), (12, 6, 'Sendero Verde', 95.00),
(13, 7, 'Selva Profunda', 320.10), (14, 7, 'Río Esmeralda', 180.50), (15, 8, 'Zona del Jaguar', 400.00),
(16, 8, 'Bosque Seco', 140.25), (17, 9, 'Altiplano Verde', 270.80), (18, 9, 'Lago Espejo', 100.90),
(19, 10, 'Cañón Alto', 350.00), (20, 10, 'Cueva del Viento', 160.40), (21, 11, 'Nido del Águila', 200.60),
(22, 11, 'Bosque Nuboso', 130.20), (23, 12, 'Sabana Dorada', 450.00), (24, 12, 'Arroyo Claro', 90.50),
(25, 13, 'Delta Central', 300.75), (26, 13, 'Manglar Norte', 150.30), (27, 14, 'Humedal Central', 220.10),
(28, 14, 'Bosque Lluvioso', 180.90), (29, 15, 'Playa Salvaje', 110.40), (30, 15, 'Arrecife Costero', 85.20),
(31, 16, 'Valle Soleado', 250.60), (32, 16, 'Cima del Sol', 140.80), (33, 17, 'Selva Alta', 330.00),
(34, 17, 'Río del Norte', 170.50), (35, 18, 'Llanura Verde', 400.20), (36, 18, 'Laguna Dorada', 120.30),
(37, 19, 'Cresta del Águila', 280.90), (38, 19, 'Valle Rocoso', 150.60), (39, 20, 'Meseta Alta', 310.40),
(40, 20, 'Río Oculto', 130.20), (41, 21, 'Zona del Tigre', 360.00), (42, 21, 'Bosque Tropical', 190.80),
(43, 22, 'Seco Oriental', 270.50), (44, 22, 'Cañada Seca', 100.90), (45, 23, 'Sabana Ventosa', 420.00),
(46, 23, 'Arroyo del Viento', 140.30), (47, 24, 'Cañón Profundo', 340.60), (48, 24, 'Cueva Oculta', 160.20),
(49, 25, 'Altos Verdes', 290.80), (50, 25, 'Lago Verde', 120.50);

-- 6. Especies (50 registros)
INSERT INTO Especies (id_especie, denominacion_cientifica, denominacion_vulgar, tipo) VALUES
(1, 'Panthera onca', 'Jaguar', 'animal'), (2, 'Araucaria araucana', 'Araucaria', 'vegetal'),
(3, 'Quartz', 'Cuarzo', 'mineral'), (4, 'Puma concolor', 'Puma', 'animal'),
(5, 'Eucalyptus globulus', 'Eucalipto', 'vegetal'), (6, 'Falco peregrinus', 'Halcón peregrino', 'animal'),
(7, 'Pinus sylvestris', 'Pino silvestre', 'vegetal'), (8, 'Canis lupus', 'Lobo gris', 'animal'),
(9, 'Feldspar', 'Feldespato', 'mineral'), (10, 'Ceiba pentandra', 'Ceiba', 'vegetal'),
(11, 'Ursus arctos', 'Oso pardo', 'animal'), (12, 'Quercus robur', 'Roble', 'vegetal'),
(13, 'Calcite', 'Calcita', 'mineral'), (14, 'Lynx pardinus', 'Lince ibérico', 'animal'),
(15, 'Ficus carica', 'Higuera', 'vegetal'), (16, 'Aquila chrysaetos', 'Águila real', 'animal'),
(17, 'Betula pendula', 'Abedul', 'vegetal'), (18, 'Vulpes vulpes', 'Zorro rojo', 'animal'),
(19, 'Mica', 'Mica', 'mineral'), (20, 'Cedrus libani', 'Cedro del Líbano', 'vegetal'),
(21, 'Cervus elaphus', 'Ciervo rojo', 'animal'), (22, 'Acer saccharum', 'Arce azucarero', 'vegetal'),
(23, 'Gypsum', 'Yeso', 'mineral'), (24, 'Panthera pardus', 'Leopardo', 'animal'),
(25, 'Populus alba', 'Álamo blanco', 'vegetal'), (26, 'Buteo buteo', 'Busardo ratonero', 'animal'),
(27, 'Taxus baccata', 'Tejo', 'vegetal'), (28, 'Sus scrofa', 'Jabalí', 'animal'),
(29, 'Pyrite', 'Pirita', 'mineral'), (30, 'Juniperus communis', 'Enebro', 'vegetal'),
(31, 'Capra ibex', 'Íbice', 'animal'), (32, 'Salix alba', 'Sauce blanco', 'vegetal'),
(33, 'Dolomite', 'Dolomita', 'mineral'), (34, 'Meles meles', 'Tejón', 'animal'),
(35, 'Picea abies', 'Abeto rojo', 'vegetal'), (36, 'Lutra lutra', 'Nutria', 'animal'),
(37, 'Larix decidua', 'Alerce', 'vegetal'), (38, 'Ovis aries', 'Oveja montés', 'animal'),
(39, 'Talc', 'Talco', 'mineral'), (40, 'Thuja occidentalis', 'Tuya', 'vegetal'),
(41, 'Martes martes', 'Marta', 'animal'), (42, 'Corylus avellana', 'Avellano', 'vegetal'),
(43, 'Halite', 'Sal gema', 'mineral'), (44, 'Rupicapra rupicapra', 'Rebeco', 'animal'),
(45, 'Sorbus aucuparia', 'Serbal', 'vegetal'), (46, 'Erinaceus europaeus', 'Erizo', 'animal'),
(47, 'Tilia cordata', 'Tilo', 'vegetal'), (48, 'Sciurus vulgaris', 'Ardilla roja', 'animal'),
(49, 'Fluorite', 'Fluorita', 'mineral'), (50, 'Fraxinus excelsior', 'Fresno', 'vegetal');

--7. Inventario_Especies (50 registros)
INSERT INTO Inventario_Especies (id_area, id_especie, numero_inventario) VALUES
(1, 1, 5), (1, 2, 50), (2, 3, 200), (2, 4, 3), (3, 5, 75), (3, 6, 10), (4, 7, 60),
(4, 8, 4), (5, 9, 150), (5, 10, 40), (6, 11, 2), (6, 12, 80), (7, 13, 100), (7, 14, 6),
(8, 15, 30), (8, 16, 8), (9, 17, 90), (9, 18, 15), (10, 19, 120), (10, 20, 25),
(11, 21, 3), (11, 22, 70), (12, 23, 180), (12, 24, 4), (13, 25, 45), (13, 26, 12),
(14, 27, 55), (14, 28, 20), (15, 29, 140), (15, 30, 35), (16, 31, 5), (16, 32, 65),
(17, 33, 110), (17, 34, 7), (18, 35, 85), (18, 36, 9), (19, 37, 50), (19, 38, 10),
(20, 39, 130), (20, 40, 20), (21, 41, 6), (21, 42, 60), (22, 43, 160), (22, 44, 3),
(23, 45, 70), (23, 46, 15), (24, 47, 40), (24, 48, 25), (25, 49, 190), (25, 50, 30);

-- 8. Personal (50 registros)
INSERT INTO Personal (numero_cedula, nombre, direccion, telefono_movil, sueldo, tipo_personal) VALUES
('1001', 'Ana López', 'Calle 1, Ciudad', '3001234567', 1500.00, '001'),
('1002', 'José Pérez', 'Avenida 2, Pueblo', '3109876543', 1600.00, '001'),
('1003', 'María Gómez', 'Carrera 3, Villa', '3204567890', 1550.00, '001'),
('1004', 'Luis Martínez', 'Calle 4, Centro', '3006543210', 1500.00, '001'),
('1005', 'Clara Ruiz', 'Avenida 5, Norte', '3107891234', 1600.00, '001'),
('1006', 'Pedro Sánchez', 'Carrera 6, Sur', '3201239876', 1550.00, '001'),
('1007', 'Laura Díaz', 'Calle 7, Este', '3004567891', 1500.00, '001'),
('1008', 'Carlos Vega', 'Avenida 8, Oeste', '3109876542', 1600.00, '001'),
('1009', 'Sofia Torres', 'Carrera 9, Centro', '3206543210', 1550.00, '001'),
('1010', 'Diego Morales', 'Calle 10, Norte', '3007891235', 1500.00, '001'),
('1011', 'Elena Castro', 'Avenida 11, Sur', '3101234568', 1600.00, '001'),
('1012', 'Javier Ortiz', 'Carrera 12, Este', '3209876543', 1550.00, '001'),
('1013', 'Paula Herrera', 'Calle 13, Oeste', '3006547892', 1500.00, '001'),
('1014', 'Andrés Gil', 'Avenida 14, Centro', '3104561237', 1600.00, '001'),
('1015', 'Lucía Ramos', 'Carrera 15, Norte', '3207896541', 1550.00, '001'),
('2001', 'Miguel Ángel', 'Calle 16, Sur', '3001236547', 1800.00, '002'),
('2002', 'Sara Blanco', 'Avenida 17, Este', '3109874563', 1850.00, '002'),
('2003', 'Raúl Fernández', 'Carrera 18, Oeste', '3206549871', 1800.00, '002'),
('2004', 'Beatriz Luna', 'Calle 19, Centro', '3007893214', 1850.00, '002'),
('2005', 'Tomás Vega', 'Avenida 20, Norte', '3104567892', 1800.00, '002'),
('2006', 'Carmen Soto', 'Carrera 21, Sur', '3201236548', 1850.00, '002'),
('2007', 'Pablo Rivas', 'Calle 22, Este', '3009871236', 1800.00, '002'),
('2008', 'Nuria Campos', 'Avenida 23, Oeste', '3106543219', 1850.00, '002'),
('2009', 'Héctor Silva', 'Carrera 24, Centro', '3207894563', 1800.00, '002'),
('2010', 'Irene Mora', 'Calle 25, Norte', '3001239874', 1850.00, '002'),
('2011', 'Víctor Hugo', 'Avenida 26, Sur', '3104561238', 1800.00, '002'),
('2012', 'Lidia Cruz', 'Carrera 27, Este', '3206547893', 1850.00, '002'),
('2013', 'Óscar León', 'Calle 28, Oeste', '3007896542', 1800.00, '002'),
('2014', 'Marta Pardo', 'Avenida 29, Centro', '3101237895', 1850.00, '002'),
('2015', 'Rubén Cano', 'Carrera 30, Norte', '3209871236', 1800.00, '002'),
('3001', 'Elena Rubio', 'Calle 31, Sur', '3006541237', 1700.00, '003'),
('3002', 'Jorge Salas', 'Avenida 32, Este', '3107894562', 1750.00, '003'),
('3003', 'Rosa Méndez', 'Carrera 33, Oeste', '3201237894', 1700.00, '003'),
('3004', 'Iván Castro', 'Calle 34, Centro', '3009876541', 1750.00, '003'),
('3005', 'Lucía Peña', 'Avenida 35, Norte', '3104569873', 1700.00, '003'),
('3006', 'David Gil', 'Carrera 36, Sur', '3207891235', 1750.00, '003'),
('3007', 'Clara Ortiz', 'Calle 37, Este', '3001234569', 1700.00, '003'),
('3008', 'Sergio Roca', 'Avenida 38, Oeste', '3106547892', 1750.00, '003'),
('3009', 'Teresa Vela', 'Carrera 39, Centro', '3209874561', 1700.00, '003'),
('3010', 'Marcos Luna', 'Calle 40, Norte', '3007891236', 1750.00, '003'),
('3011', 'Julia Sanz', 'Avenida 41, Sur', '3101236547', 1700.00, '003'),
('3012', 'Alberto Rey', 'Carrera 42, Este', '3204567893', 1750.00, '003'),
('3013', 'Inés Mora', 'Calle 43, Oeste', '3006549871', 1700.00, '003'),
('3014', 'Felipe Cano', 'Avenida 44, Centro', '3107896542', 1750.00, '003'),
('3015', 'Sonia Paz', 'Carrera 45, Norte', '3201239875', 1700.00, '003'),
('4001', 'Raquel Vila', 'Calle 46, Sur', '3004561238', 2000.00, '004'),
('4002', 'Esteban Río', 'Avenida 47, Este', '3109871236', 2100.00, '004'),
('4003', 'Mónica Lara', 'Carrera 48, Oeste', '3206543217', 2000.00, '004'),
('4004', 'Daniel Pons', 'Calle 49, Centro', '3007894563', 2100.00, '004'),
('4005', 'Alicia Sol', 'Avenida 50, Norte', '3101237896', 2000.00, '004');

-- 9. Entradas (50 registros)
INSERT INTO Entradas (id_entrada, numero_cedula, numero_registro) VALUES
(1, '1001', 1001), (2, '1001', 1002), (3, '1002', 1003), (4, '1002', 1004), (5, '1003', 1005),
(6, '1003', 1006), (7, '1004', 1007), (8, '1004', 1008), (9, '1005', 1009), (10, '1005', 1010),
(11, '1006', 1011), (12, '1006', 1012), (13, '1007', 1013), (14, '1007', 1014), (15, '1008', 1015),
(16, '1008', 1016), (17, '1009', 1017), (18, '1009', 1018), (19, '1010', 1019), (20, '1010', 1020),
(21, '1011', 1021), (22, '1011', 1022), (23, '1012', 1023), (24, '1012', 1024), (25, '1013', 1025),
(26, '1013', 1026), (27, '1014', 1027), (28, '1014', 1028), (29, '1015', 1029), (30, '1015', 1030),
(31, '1001', 1031), (32, '1002', 1032), (33, '1003', 1033), (34, '1004', 1034), (35, '1005', 1035),
(36, '1006', 1036), (37, '1007', 1037), (38, '1008', 1038), (39, '1009', 1039), (40, '1010', 1040),
(41, '1011', 1041), (42, '1012', 1042), (43, '1013', 1043), (44, '1014', 1044), (45, '1015', 1045),
(46, '1001', 1046), (47, '1002', 1047), (48, '1003', 1048), (49, '1004', 1049), (50, '1005', 1050);

-- 10. Vigilancia_Areas (50 registros)
INSERT INTO Vigilancia_Areas (id_vigilancia, numero_cedula, id_area, tipo_vehiculo, marca_vehiculo) VALUES
(1, '2001', 1, 'Camioneta', 'Toyota'), (2, '2001', 2, 'Camioneta', 'Toyota'),
(3, '2002', 3, 'Jeep', 'Ford'), (4, '2002', 4, 'Jeep', 'Ford'),
(5, '2003', 5, 'Moto', 'Honda'), (6, '2003', 6, 'Moto', 'Honda'),
(7, '2004', 7, 'Camioneta', 'Nissan'), (8, '2004', 8, 'Camioneta', 'Nissan'),
(9, '2005', 9, 'Jeep', 'Jeep'), (10, '2005', 10, 'Jeep', 'Jeep'),
(11, '2006', 11, 'Moto', 'Yamaha'), (12, '2006', 12, 'Moto', 'Yamaha'),
(13, '2007', 13, 'Camioneta', 'Chevrolet'), (14, '2007', 14, 'Camioneta', 'Chevrolet'),
(15, '2008', 15, 'Jeep', 'Ford'), (16, '2008', 16, 'Jeep', 'Ford'),
(17, '2009', 17, 'Moto', 'Honda'), (18, '2009', 18, 'Moto', 'Honda'),
(19, '2010', 19, 'Camioneta', 'Toyota'), (20, '2010', 20, 'Camioneta', 'Toyota'),
(21, '2011', 21, 'Jeep', 'Jeep'), (22, '2011', 22, 'Jeep', 'Jeep'),
(23, '2012', 23, 'Moto', 'Yamaha'), (24, '2012', 24, 'Moto', 'Yamaha'),
(25, '2013', 25, 'Camioneta', 'Nissan'), (26, '2013', 26, 'Camioneta', 'Nissan'),
(27, '2014', 27, 'Jeep', 'Ford'), (28, '2014', 28, 'Jeep', 'Ford'),
(29, '2015', 29, 'Moto', 'Honda'), (30, '2015', 30, 'Moto', 'Honda'),
(31, '2001', 31, 'Camioneta', 'Toyota'), (32, '2002', 32, 'Jeep', 'Ford'),
(33, '2003', 33, 'Moto', 'Honda'), (34, '2004', 34, 'Camioneta', 'Nissan'),
(35, '2005', 35, 'Jeep', 'Jeep'), (36, '2006', 36, 'Moto', 'Yamaha'),
(37, '2007', 37, 'Camioneta', 'Chevrolet'), (38, '2008', 38, 'Jeep', 'Ford'),
(39, '2009', 39, 'Moto', 'Honda'), (40, '2010', 40, 'Camioneta', 'Toyota'),
(41, '2011', 41, 'Jeep', 'Jeep'), (42, '2012', 42, 'Moto', 'Yamaha'),
(43, '2013', 43, 'Camioneta', 'Nissan'), (44, '2014', 44, 'Jeep', 'Ford'),
(45, '2015', 45, 'Moto', 'Honda'), (46, '2001', 46, 'Camioneta', 'Toyota'),
(47, '2002', 47, 'Jeep', 'Ford'), (48, '2003', 48, 'Moto', 'Honda'),
(49, '2004', 49, 'Camioneta', 'Nissan'), (50, '2005', 50, 'Jeep', 'Jeep');

-- 11. Conservacion_Areas (50 registros)
INSERT INTO Conservacion_Areas (id_conservacion, numero_cedula, id_area, especialidad) VALUES
(1, '3001', 1, 'limpieza'), (2, '3001', 2, 'mantenimiento_caminos'),
(3, '3002', 3, 'limpieza'), (4, '3002', 4, 'mantenimiento_caminos'),
(5, '3003', 5, 'limpieza'), (6, '3003', 6, 'mantenimiento_caminos'),
(7, '3004', 7, 'limpieza'), (8, '3004', 8, 'mantenimiento_caminos'),
(9, '3005', 9, 'limpieza'), (10, '3005', 10, 'mantenimiento_caminos'),
(11, '3006', 11, 'limpieza'), (12, '3006', 12, 'mantenimiento_caminos'),
(13, '3007', 13, 'limpieza'), (14, '3007', 14, 'mantenimiento_caminos'),
(15, '3008', 15, 'limpieza'), (16, '3008', 16, 'mantenimiento_caminos'),
(17, '3009', 17, 'limpieza'), (18, '3009', 18, 'mantenimiento_caminos'),
(19, '3010', 19, 'limpieza'), (20, '3010', 20, 'mantenimiento_caminos'),
(21, '3011', 21, 'limpieza'), (22, '3011', 22, 'mantenimiento_caminos'),
(23, '3012', 23, 'limpieza'), (24, '3012', 24, 'mantenimiento_caminos'),
(25, '3013', 25, 'limpieza'), (26, '3013', 26, 'mantenimiento_caminos'),
(27, '3014', 27, 'limpieza'), (28, '3014', 28, 'mantenimiento_caminos'),
(29, '3015', 29, 'limpieza'), (30, '3015', 30, 'mantenimiento_caminos'),
(31, '3001', 31, 'limpieza'), (32, '3002', 32, 'mantenimiento_caminos'),
(33, '3003', 33, 'limpieza'), (34, '3004', 34, 'mantenimiento_caminos'),
(35, '3005', 35, 'limpieza'), (36, '3006', 36, 'mantenimiento_caminos'),
(37, '3007', 37, 'limpieza'), (38, '3008', 38, 'mantenimiento_caminos'),
(39, '3009', 39, 'limpieza'), (40, '3010', 40, 'mantenimiento_caminos'),
(41, '3011', 41, 'limpieza'), (42, '3012', 42, 'mantenimiento_caminos'),
(43, '3013', 43, 'limpieza'), (44, '3014', 44, 'mantenimiento_caminos'),
(45, '3015', 45, 'limpieza'), (46, '3001', 46, 'mantenimiento_caminos'),
(47, '3002', 47, 'limpieza'), (48, '3003', 48, 'mantenimiento_caminos'),
(49, '3004', 49, 'limpieza'), (50, '3005', 50, 'mantenimiento_caminos');

-- 12. Proyectos_Investigacion (50 registros)
INSERT INTO Proyectos_Investigacion (id_proyecto, presupuesto, fecha_inicio, fecha_fin) VALUES
(1, 50000.00, '2023-01-15', '2023-12-15'), (2, 75000.00, '2023-02-01', '2024-01-31'),
(3, 60000.00, '2023-03-10', '2023-11-30'), (4, 80000.00, '2023-04-05', '2024-03-31'),
(5, 45000.00, '2023-05-20', '2023-12-20'), (6, 90000.00, '2023-06-15', '2024-06-14'),
(7, 55000.00, '2023-07-01', '2024-01-15'), (8, 70000.00, '2023-08-10', '2024-02-28'),
(9, 65000.00, '2023-09-05', '2024-03-15'), (10, 85000.00, '2023-10-01', '2024-09-30'),
(11, 48000.00, '2023-11-15', '2024-05-15'), (12, 72000.00, '2023-12-01', '2024-06-30'),
(13, 59000.00, '2024-01-10', '2024-07-31'), (14, 78000.00, '2024-02-05', '2024-12-31'),
(15, 46000.00, '2024-03-20', '2024-09-20'), (16, 82000.00, '2024-04-15', '2025-04-14'),
(17, 51000.00, '2024-05-01', '2024-11-30'), (18, 74000.00, '2024-06-10', '2025-02-28'),
(19, 63000.00, '2024-07-05', '2025-01-15'), (20, 87000.00, '2024-08-01', '2025-07-31'),
(21, 49000.00, '2024-09-15', '2025-03-15'), (22, 76000.00, '2024-10-01', '2025-06-30'),
(23, 57000.00, '2024-11-10', '2025-05-31'), (24, 79000.00, '2024-12-05', '2025-11-30'),
(25, 47000.00, '2025-01-20', '2025-07-20'), (26, 83000.00, '2025-02-15', '2026-02-14'),
(27, 52000.00, '2025-03-01', '2025-09-30'), (28, 75000.00, '2025-04-10', '2026-01-31'),
(29, 64000.00, '2025-05-05', '2025-11-15'), (30, 88000.00, '2025-06-01', '2026-05-31'),
(31, 50000.00, '2025-07-15', '2026-01-15'), (32, 77000.00, '2025-08-01', '2026-04-30'),
(33, 58000.00, '2025-09-10', '2026-03-31'), (34, 80000.00, '2025-10-05', '2026-09-30'),
(35, 46000.00, '2025-11-20', '2026-05-20'), (36, 84000.00, '2025-12-15', '2026-12-14'),
(37, 53000.00, '2026-01-01', '2026-07-31'), (38, 76000.00, '2026-02-10', '2026-10-31'),
(39, '65000.00', '2026-03-05', '2026-11-15'), (40, 89000.00, '2026-04-01', '2027-03-31'),
(41, 51000.00, '2026-05-15', '2026-11-15'), (42, 78000.00, '2026-06-01', '2027-02-28'),
(43, 59000.00, '2026-07-10', '2027-01-31'), (44, 81000.00, '2026-08-05', '2027-07-31'),
(45, 47000.00, '2026-09-20', '2027-03-20'), (46, 85000.00, '2026-10-15', '2027-10-14'),
(47, 54000.00, '2026-11-01', '2027-05-31'), (48, 77000.00, '2026-12-10', '2027-06-30'),
(49, 66000.00, '2027-01-05', '2027-07-15'), (50, 90000.00, '2027-02-01', '2028-01-31');

-- 13. Investigadores_Proyectos (50 registros)
INSERT INTO Investigadores_Proyectos (numero_cedula, id_proyecto) VALUES
('4001', 1), ('4001', 2), ('4001', 3), ('4002', 4), ('4002', 5),
('4002', 6), ('4003', 7), ('4003', 8), ('4003', 9), ('4004', 10),
('4004', 11), ('4004', 12), ('4005', 13), ('4005', 14), ('4005', 15),
('4001', 16), ('4002', 17), ('4003', 18), ('4004', 19), ('4005', 20),
('4001', 21), ('4002', 22), ('4003', 23), ('4004', 24), ('4005', 25),
('4001', 26), ('4002', 27), ('4003', 28), ('4004', 29), ('4005', 30),
('4001', 31), ('4002', 32), ('4003', 33), ('4004', 34), ('4005', 35),
('4001', 36), ('4002', 37), ('4003', 38), ('4004', 39), ('4005', 40),
('4001', 41), ('4002', 42), ('4003', 43), ('4004', 44), ('4005', 45),
('4001', 46), ('4002', 47), ('4003', 48), ('4004', 49), ('4005', 50);

-- 14. Proyectos_Especies (50 registros)
INSERT INTO Proyectos_Especies (id_proyecto, id_especie) VALUES
(1, 1), (1, 2), (2, 3), (2, 4), (3, 5), (3, 6), (4, 7), (4, 8),
(5, 9), (5, 10), (6, 11), (6, 12), (7, 13), (7, 14), (8, 15), (8, 16),
(9, 17), (9, 18), (10, 19), (10, 20), (11, 21), (11, 22), (12, 23),
(12, 24), (13, 25), (13, 26), (14, 27), (14, 28), (15, 29), (15, 30),
(16, 31), (16, 32), (17, 33), (17, 34), (18, 35), (18, 36), (19, 37),
(19, 38), (20, 39), (20, 40), (21, 41), (21, 42), (22, 43), (22, 44),
(23, 45), (23, 46), (24, 47), (24, 48), (25, 49), (25, 50);

-- 15. Visitantes (50 registros)
INSERT INTO Visitantes (cedula_visitante, nombre, direccion, profesion) VALUES
('5001', 'Juan Rojas', 'Calle 1, Ciudad', 'Ingeniero'), 
('5002', 'María Silva', 'Avenida 2, Pueblo', 'Médica'), 
('5003', 'Pedro Luna', 'Carrera 3, Villa', 'Profesor'), 
('5004', 'Laura Cano', 'Calle 4, Centro', 'Abogada'), 
('5005', 'Carlos Paz', 'Avenida 5, Norte', 'Contador'), 
('5006', 'Sofia Vega', 'Carrera 6, Sur', 'Bióloga'), 
('5007', 'Diego Ortiz', 'Calle 7, Este', 'Arquitecto'), 
('5008', 'Elena Gil', 'Avenida 8, Oeste', 'Periodista'), 
('5009', 'Luis Mora', 'Carrera 9, Centro', 'Estudiante'), 
('5010', 'Clara Ruiz', 'Calle 10, Norte', 'Diseñadora'), 
('5011', 'Ana Torres', 'Avenida 11, Sur', 'Ingeniera'), 
('5012', 'José Pérez', 'Carrera 12, Este', 'Médico'), 
('5013', 'María Díaz', 'Calle 13, Oeste', 'Profesora'), 
('5014', 'Pablo Soto', 'Avenida 14, Centro', 'Abogado'), 
('5015', 'Lucía Roca', 'Carrera 15, Norte', 'Contadora'), 
('5016', 'Raúl Méndez', 'Calle 16, Sur', 'Biólogo'), 
('5017', 'Sara Blanco', 'Avenida 17, Este', 'Arquitecta'), 
('5018', 'Tomás León', 'Carrera 18, Oeste', 'Periodista'), 
('5019', 'Beatriz Luna', 'Calle 19, Centro', 'Estudiante'), 
('5020', 'Héctor Vela', 'Avenida 20, Norte', 'Diseñador'), 
('5021', 'Nuria Campos', 'Carrera 21, Sur', 'Ingeniera'), 
('5022', 'Víctor Hugo', 'Calle 22, Este', 'Médico'), 
('5023', 'Lidia Cruz', 'Avenida 23, Oeste', 'Profesora'), 
('5024', 'Óscar Rey', 'Carrera 24, Centro', 'Abogado'), 
('5025', 'Marta Pardo', 'Calle 25, Norte', 'Contadora'), 
('5026', 'Rubén Cano', 'Avenida 26, Sur', 'Biólogo'), 
('5027', 'Elena Rubio', 'Carrera 27, Este', 'Arquitecta'), 
('5028', 'Jorge Salas', 'Calle 28, Oeste', 'Periodista'), 
('5029', 'Rosa Méndez', 'Avenida 29, Centro', 'Estudiante'), 
('5030', 'Iván Castro', 'Carrera 30, Norte', 'Diseñador'), 
('5031', 'Lucía Peña', 'Calle 31, Sur', 'Ingeniera'), 
('5032', 'David Gil', 'Avenida 32, Este', 'Médico'), 
('5033', 'Clara Ortiz', 'Carrera 33, Oeste', 'Profesora'), 
('5034', 'Sergio Roca', 'Calle 34, Centro', 'Abogado'), 
('5035', 'Teresa Vela', 'Avenida 35, Norte', 'Contadora'), 
('5036', 'Marcos Luna', 'Carrera 36, Sur', 'Biólogo'), 
('5037', 'Julia Sanz', 'Calle 37, Este', 'Arquitecta'), 
('5038', 'Alberto Rey', 'Avenida 38, Oeste', 'Periodista'), 
('5039', 'Inés Mora', 'Carrera 39, Centro', 'Estudiante'), 
('5040', 'Felipe Cano', 'Calle 40, Norte', 'Diseñador'), 
('5041', 'Sonia Paz', 'Avenida 41, Sur', 'Ingeniera'), 
('5042', 'Raquel Vila', 'Carrera 42, Este', 'Médica'), 
('5043', 'Esteban Río', 'Calle 43, Oeste', 'Profesor'), 
('5044', 'Mónica Lara', 'Avenida 44, Centro', 'Abogada'), 
('5045', 'Daniel Pons', 'Carrera 45, Norte', 'Contador'), 
('5046', 'Alicia Sol', 'Calle 46, Sur', 'Bióloga'), 
('5047', 'Juan Gómez', 'Avenida 47, Este', 'Arquitecto'), 
('5048', 'María Paz', 'Carrera 48, Oeste', 'Periodista'), 
('5049', 'Pedro Ruiz', 'Calle 49, Centro', 'Estudiante'), 
('5050', 'Laura Gil', 'Avenida 50, Norte', 'Diseñadora');

-- 16. Alojamientos (50 registros)
INSERT INTO Alojamientos (id_alojamiento, id_parque, capacidad, categoria) VALUES
(1, 1, 10, 'Cabaña'), (2, 1, 20, 'Camping'), (3, 2, 15, 'Refugio'), (4, 2, 25, 'Cabaña'),
(5, 3, 8, 'Camping'), (6, 3, 12, 'Refugio'), (7, 4, 30, 'Cabaña'), (8, 4, 18, 'Camping'),
(9, 5, 10, 'Refugio'), (10, 5, 20, 'Cabaña'), (11, 6, 15, 'Camping'), (12, 6, 25, 'Refugio'),
(13, 7, 8, 'Cabaña'), (14, 7, 12, 'Camping'), (15, 8, 30, 'Refugio'), (16, 8, 18, 'Cabaña'),
(17, 9, 10, 'Camping'), (18, 9, 20, 'Refugio'), (19, 10, 15, 'Cabaña'), (20, 10, 25, 'Camping'),
(21, 11, 8, 'Refugio'), (22, 11, 12, 'Cabaña'), (23, 12, 30, 'Camping'), (24, 12, 18, 'Refugio'),
(25, 13, 10, 'Cabaña'), (26, 13, 20, 'Camping'), (27, 14, 15, 'Refugio'), (28, 14, 25, 'Cabaña'),
(29, 15, 8, 'Camping'), (30, 15, 12, 'Refugio'), (31, 16, 30, 'Cabaña'), (32, 16, 18, 'Camping'),
(33, 17, 10, 'Refugio'), (34, 17, 20, 'Cabaña'), (35, 18, 15, 'Camping'), (36, 18, 25, 'Refugio'),
(37, 19, 8, 'Cabaña'), (38, 19, 12, 'Camping'), (39, 20, 30, 'Refugio'), (40, 20, 18, 'Cabaña'),
(41, 21, 10, 'Camping'), (42, 21, 20, 'Refugio'), (43, 22, 15, 'Cabaña'), (44, 22, 25, 'Camping'),
(45, 23, 8, 'Refugio'), (46, 23, 12, 'Cabaña'), (47, 24, 30, 'Camping'), (48, 24, 18, 'Refugio'),
(49, 25, 10, 'Cabaña'), (50, 25, 20, 'Camping');

-- 17. Visitantes_Alojamientos (50 registros)
INSERT INTO Visitantes_Alojamientos (cedula_visitante, id_alojamiento, fecha_inicio, fecha_fin) VALUES
('5001', 1, '2025-03-01', '2025-03-05'), ('5002', 2, '2025-03-02', '2025-03-07'),
('5003', 3, '2025-03-03', '2025-03-06'), ('5004', 4, '2025-03-04', '2025-03-08'),
('5005', 5, '2025-03-05', '2025-03-09'), ('5006', 6, '2025-03-06', '2025-03-10'),
('5007', 7, '2025-03-07', '2025-03-11'), ('5008', 8, '2025-03-08', '2025-03-12'),
('5009', 9, '2025-03-09', '2025-03-13'), ('5010', 10, '2025-03-10', '2025-03-14'),
('5011', 11, '2025-03-11', '2025-03-15'), ('5012', 12, '2025-03-12', '2025-03-16'),
('5013', 13, '2025-03-13', '2025-03-17'), ('5014', 14, '2025-03-14', '2025-03-18'),
('5015', 15, '2025-03-15', '2025-03-19'), ('5016', 16, '2025-03-16', '2025-03-20'),
('5017', 17, '2025-03-17', '2025-03-21'), ('5018', 18, '2025-03-18', '2025-03-22'),
('5019', 19, '2025-03-19', '2025-03-23'), ('5020', 20, '2025-03-20', '2025-03-24'),
('5021', 21, '2025-03-21', '2025-03-25'), ('5022', 22, '2025-03-22', '2025-03-26'),
('5023', 23, '2025-03-23', '2025-03-27'), ('5024', 24, '2025-03-24', '2025-03-28'),
('5025', 25, '2025-03-25', '2025-03-29'), ('5026', 26, '2025-03-26', '2025-03-30'),
('5027', 27, '2025-03-27', '2025-03-31'), ('5028', 28, '2025-03-28', '2025-04-01'),
('5029', 29, '2025-03-29', '2025-04-02'), ('5030', 30, '2025-03-30', '2025-04-03'),
('5031', 31, '2025-03-31', '2025-04-04'), ('5032', 32, '2025-04-01', '2025-04-05'),
('5033', 33, '2025-04-02', '2025-04-06'), ('5034', 34, '2025-04-03', '2025-04-07'),
('5035', 35, '2025-04-04', '2025-04-08'), ('5036', 36, '2025-04-05', '2025-04-09'),
('5037', 37, '2025-04-06', '2025-04-10'), ('5038', 38, '2025-04-07', '2025-04-11'),
('5039', 39, '2025-04-08', '2025-04-12'), ('5040', 40, '2025-04-09', '2025-04-13'),
('5041', 41, '2025-04-10', '2025-04-14'), ('5042', 42, '2025-04-11', '2025-04-15'),
('5043', 43, '2025-04-12', '2025-04-16'), ('5044', 44, '2025-04-13', '2025-04-17'),
('5045', 45, '2025-04-14', '2025-04-18'), ('5046', 46, '2025-04-15', '2025-04-19'),
('5047', 47, '2025-04-16', '2025-04-20'), ('5048', 48, '2025-04-17', '2025-04-21'),
('5049', 49, '2025-04-18', '2025-04-22'), ('5050', 50, '2025-04-19', '2025-04-23');

